<?xml version="1.0" encoding="UTF-8"?>
<project-private xmlns="http://www.netbeans.org/ns/project-private/1">
    <editor-bookmarks xmlns="http://www.netbeans.org/ns/editor-bookmarks/2" lastBookmarkId="0"/>
    <open-files xmlns="http://www.netbeans.org/ns/projectui-open-files/2">
        <group>
            <file>file:/home/sahil/server/www/public/cricket_club/public_html/app/Http/Controllers/PurchaseController.php</file>
            <file>file:/home/sahil/server/www/public/cricket_club/public_html/resources/views/admin/purchase/purch_list.blade.php</file>
            <file>file:/home/sahil/server/www/public/cricket_club/public_html/resources/lang/en/message.php</file>
            <file>file:/home/sahil/server/www/public/cricket_club/public_html/app/Http/routes.php</file>
            <file>file:/home/sahil/server/www/public/cricket_club/public_html/resources/views/admin/report/purchases_order.blade.php</file>
        </group>
    </open-files>
</project-private>
